{
"warmup blocks":0,
"properties":{
"total_energy":{
"value":[-920.312],
"error":[0],
"sigma":[5.85197]
},
"kinetic":{
"value":[598.366],
"error":[0],
"sigma":[82.7711]
},
"potential":{
"value":[-1604.24],
"error":[0],
"sigma":[74.4349]
},
"nonlocal":{
"value":[85.5668],
"error":[0],
"sigma":[34.0001]
},
"weight":{
"value":[1],
"error":[0],
"sigma":[0]
}
},
"independent points":inf,
"commments": [
"Warning: The estimated number of independent points is _greater_ that the points in the log file. Error bars are probably unreliable! "
]
}
<RS>
{
"warmup blocks":0,
"properties":{
"total_energy":{
"value":[-919.608],
"error":[0],
"sigma":[3.60696]
},
"kinetic":{
"value":[605.819],
"error":[0],
"sigma":[71.3881]
},
"potential":{
"value":[-1635.52],
"error":[0],
"sigma":[80.6533]
},
"nonlocal":{
"value":[110.095],
"error":[0],
"sigma":[36.6901]
},
"weight":{
"value":[1],
"error":[0],
"sigma":[0]
}
},
"independent points":inf,
"commments": [
"Warning: The estimated number of independent points is _greater_ that the points in the log file. Error bars are probably unreliable! "
]
}
<RS>
{
"warmup blocks":0,
"properties":{
"total_energy":{
"value":[-632.351],
"error":[0],
"sigma":[91.1508]
},
"kinetic":{
"value":[480.714],
"error":[0],
"sigma":[53.1143]
},
"potential":{
"value":[-1505.79],
"error":[0],
"sigma":[153.233]
},
"nonlocal":{
"value":[392.723],
"error":[0],
"sigma":[194.071]
},
"weight":{
"value":[1],
"error":[0],
"sigma":[0]
}
,
"tbdm_basis":{
"nmo":12,
"states":[14,24,34,44,46,50,54,58,63,67,71,75],
"normalization":{
"value":[0.0693526,0.163062,0.119004,0.0605144,0.00257776,0.144212,0.0428105,0.100775,0.0417701,0.0795994,0.0374173,0.138905],
"error":[0,0,0,0,0,0,0,0,0,0,0,0]
},
"obdm":{
"up":[
[0.166746,0.545411,-0.0852445,-0.145492,-0.130522,-0.13246,0.0692978,-0.0644742,0.0343325,-0.137216,0.250081,0.000477901],
[0.560102,0.16218,0.0963911,-0.623957,0.793409,-0.2702,-0.355084,0.19983,-0.376345,-0.152486,0.670098,0.703097],
[-0.294749,0.077253,0.499054,-0.238365,-0.364034,0.0132292,0.0232271,-0.180556,0.0771293,0.0693716,-0.114256,0.0842979],
[-0.450754,-0.354892,0.0700274,-0.187702,-0.954463,0.0417521,-0.147883,0.0336537,0.145509,0.00762486,-0.721824,0.174665],
[-2.10103,-0.668822,-0.074536,1.15562,3.01108,0.231753,0.423255,-1.83136,0.216919,1.54517,-5.20838,1.17256],
[1.13432,-0.0158579,-0.323491,0.119426,-0.670437,0.813092,0.215993,0.0177912,-0.562577,0.132715,0.163688,0.316002],
[0.191441,-0.0952075,0.201086,0.24045,0.13808,-0.0421291,0.490065,0.294869,-0.0126853,-0.376464,0.477533,0.084046],
[0.959265,0.189076,-0.321779,-0.542878,0.27147,0.198456,0.519408,0.640102,-0.270904,0.503431,0.592802,0.0586825],
[-0.0495707,-0.152152,0.432876,2.13021,0.106829,0.0666028,0.0306536,0.427193,1.21327,0.361622,-0.218713,-1.07858],
[-0.020666,-0.382714,0.285385,0.5167,-0.687856,-0.0777127,-0.000683057,0.168842,0.592589,1.22692,-0.540355,0.141892],
[1.17887,1.06735,-0.125165,-0.474119,-1.52594,-0.102042,0.191423,0.914864,0.141842,-0.717365,2.00273,-0.0303682],
[0.616503,0.204438,0.115455,-0.315755,-0.835895,-0.0586758,-0.000112342,0.586648,0.0354942,-0.665182,1.99587,0.709784]
],
"up_err":[
[0,0,0,0,0,0,0,0,0,0,0,0],
[0,0,0,0,0,0,0,0,0,0,0,0],
[0,0,0,0,0,0,0,0,0,0,0,0],
[0,0,0,0,0,0,0,0,0,0,0,0],
[0,0,0,0,0,0,0,0,0,0,0,0],
[0,0,0,0,0,0,0,0,0,0,0,0],
[0,0,0,0,0,0,0,0,0,0,0,0],
[0,0,0,0,0,0,0,0,0,0,0,0],
[0,0,0,0,0,0,0,0,0,0,0,0],
[0,0,0,0,0,0,0,0,0,0,0,0],
[0,0,0,0,0,0,0,0,0,0,0,0],
[0,0,0,0,0,0,0,0,0,0,0,0]
],
"down":[
[1.071,0.0261992,0.0232261,0.175117,0.188112,0.0152953,-0.10022,-0.00756529,-0.190231,0.254971,-0.126031,-0.216662],
[-0.0537423,0.484119,0.0261968,-0.411694,0.305456,0.0709132,0.00216774,-0.0794736,0.457741,-0.105587,0.0431943,0.211127],
[0.0861467,-0.124323,0.406579,-0.240047,0.311496,0.0864716,0.0146983,0.0387268,0.168607,0.0369556,0.79808,-0.0580541],
[0.0292312,0.0140885,0.144688,2.04587,0.45788,-0.244769,-0.0143397,0.136689,0.0676219,-0.293207,0.231001,-0.9862],
[0.57088,0.120827,0.493439,-1.55534,1.09675,0.590339,-0.308076,0.0587857,0.215997,-0.0514486,-0.421106,0.680514],
[0.0724761,-0.654967,0.164957,-0.0809901,-1.04134,0.966538,0.00890439,0.226694,-0.12193,0.405242,0.108841,-0.153862],
[0.176452,-0.0092028,-0.442826,0.215768,0.705719,-0.137967,0.538271,0.0587446,0.252865,0.0617982,0.131834,0.0422107],
[0.0724363,-0.493538,0.195626,-0.943714,-0.230888,0.30472,-0.109114,1.03135,0.0821003,0.20247,0.110519,-0.633233],
[0.0863179,-0.0893468,0.031745,0.12533,0.315629,-0.26368,-0.152168,0.0954145,0.149442,0.434361,-0.306596,-0.213374],
[0.0849617,0.366032,0.432183,0.0948261,0.910201,-0.160303,-0.0776556,0.270395,0.272534,0.253422,-0.772449,-0.42169],
[0.284689,-0.0269699,-0.847006,2.09055,0.877167,-0.464842,-0.4798,0.279005,0.315324,-0.231646,-0.805017,-0.723098],
[0.0913585,-0.0031402,-0.769169,1.80971,0.977316,-0.5015,-0.0866669,0.190452,0.297406,-0.0876361,0.259809,-0.560955]
],
"down_err":[
[0,0,0,0,0,0,0,0,0,0,0,0],
[0,0,0,0,0,0,0,0,0,0,0,0],
[0,0,0,0,0,0,0,0,0,0,0,0],
[0,0,0,0,0,0,0,0,0,0,0,0],
[0,0,0,0,0,0,0,0,0,0,0,0],
[0,0,0,0,0,0,0,0,0,0,0,0],
[0,0,0,0,0,0,0,0,0,0,0,0],
[0,0,0,0,0,0,0,0,0,0,0,0],
[0,0,0,0,0,0,0,0,0,0,0,0],
[0,0,0,0,0,0,0,0,0,0,0,0],
[0,0,0,0,0,0,0,0,0,0,0,0],
[0,0,0,0,0,0,0,0,0,0,0,0]
]
}
}
},
"independent points":inf,
"commments": [
"Warning: The estimated number of independent points is _greater_ that the points in the log file. Error bars are probably unreliable! "
]
}
<RS>
