{"Cu": [[0, [27.846787, -0.019337], [21.420605, 0.088614], [10.53725, -0.355859], [2.535596, 0.538088], [1.249684, 0.511137], [0.599846, 0.14764]], [0, [27.846787, -0.002653], [21.420605, -0.007542], [10.53725, 0.079756], [2.535596, -0.155301], [1.249684, -0.253078], [0.599846, -0.028168]], [0, [0.2, 1.0]], [0, [0.6, 1.0]], [1, [18.594006, 0.003652], [14.303011, -0.037076], [5.63142, 0.21712], [2.683011, 0.440973], [1.258573, 0.358723], [0.574084, 0.114846], [0.20923, 0.007316]], [1, [0.2, 1.0]], [1, [0.6, 1.0]], [2, [15.787287, 0.084222], [7.203213, 0.255433], [2.973606, 0.349966], [1.207024, 0.341672], [0.464046, 0.241697]], [2, [0.2, 1.0]], [2, [0.6, 1.0]], [3, [1.6923298836, 1.0]]], "O": [[0, [0.268022, 0.304848], [0.573098, 0.453752], [1.225429, 0.295926], [2.620277, 0.019567], [5.602818, -0.128627], [11.980245, 0.012024], [25.616801, 0.000407], [54.775216, -7.6e-05]], [0, [0.2, 1.0]], [0, [0.6, 1.0]], [1, [0.333673, 0.255999], [0.666627, 0.281879], [1.331816, 0.242835], [2.660761, 0.161134], [5.315785, 0.082308], [10.620108, 0.039899], [21.217318, 0.004679]], [1, [0.2, 1.0]], [1, [0.6, 1.0]], [2, [0.66934, 1.0]], [3, [1.423104, 1.0]]], "Sr": [[0, [0.217685, -0.093894], [0.487102, -0.247613], [1.089961, 0.160101], [2.438947, -0.043595], [5.457499, 0.008684], [12.211949, -0.001296]], [0, [0.2, 1.0]], [0, [0.6, 1.0]], [1, [0.223593, -0.047473], [0.450721, -0.171028], [0.908566, 0.104848], [1.831493, -0.029516], [3.691937, 0.006196], [7.442231, -0.000955]], [1, [0.2, 1.0]], [1, [0.6, 1.0]], [2, [0.528269, 1.0]]]}