{"Cu": [[0, [0.2, 0.0286878866897], [0.4, -0.0364413530365], [0.8, 0.358763832032], [1.6, 0.474343247928], [3.2, 0.498447510592], [6.4, -0.270094109886], [12.8, -0.19207249392], [25.6, 0.0629633270568], [51.2, -0.00853551842135], [102.4, 0.000812242437275]], [0, [0.2, 2.20172386547], [0.4, -2.28170595665], [0.8, 1.46285008448], [1.6, -1.09989311533], [3.2, 0.296788655986], [6.4, -0.12153417324], [12.8, 0.117898710111], [25.6, -0.0341363112541], [51.2, 0.00595066976203], [102.4, -0.00071519088395]], [1, [18.594006, 0.003652], [14.303011, -0.037076], [5.63142, 0.21712], [2.683011, 0.440973], [1.258573, 0.358723], [0.574084, 0.114846], [0.20923, 0.007316]], [2, [0.2, 0.279289473482], [0.4, -0.117221524191], [0.8, 0.420466340314], [1.6, 0.166556512124], [3.2, 0.31519384244], [6.4, 0.201127125456], [12.8, 0.128021225822], [25.6, 0.00894474569825], [51.2, -0.00051734713442], [102.4, 2.47330807683e-05]]], "O": [[0, [0.2, 0.215448374976], [0.4, 0.351884869096], [0.8, 0.395141155066], [1.6, 0.179458356356], [3.2, -0.0432052834993], [6.4, -0.105221770065], [12.8, 0.0197823639914], [25.6, -0.00197386728468], [51.2, 0.000387842127399], [102.4, -5.57569955803e-05]], [1, [0.2, 0.283073445696], [0.4, 0.205849797904], [0.8, 0.303195415412], [1.6, 0.218836382326], [3.2, 0.136227390096], [6.4, 0.0710086636515], [12.8, 0.027416273511], [25.6, 0.00161138147606], [51.2, 1.51410458608e-05], [102.4, -2.8165242665e-06]]], "Sr": [[0, [0.2, 0.688519195726], [0.4, -1.12060079327], [0.8, 0.667777052063], [1.6, -0.264303359332], [3.2, 0.107893172552], [6.4, -0.0467092058199], [12.8, 0.0190367620017], [25.6, -0.00656798101781], [51.2, 0.0015551383896], [102.4, -0.000192791210535]]]}
